{
    "Tehran": [
        35.6892523,
        51.3896004
    ],
    "Baghdad": [
        33.3061701,
        44.3872213
    ],
    "Damascus": [
        33.5130695,
        36.3095814
    ],
    "Kabul": [
        34.5260109,
        69.1776838
    ],
    "Sanaa": [
        15.3538569,
        44.2058841
    ],
    "Riyadh": [
        24.638916,
        46.7160104
    ],
    "Cairo": [
        30.0443879,
        31.2357257
    ],
    "Beirut": [
        33.8959203,
        35.47843
    ],
    "Amman": [
        31.9515694,
        35.9239625
    ],
    "Tripoli": [
        32.896672,
        13.1777923
    ],
    "Khartoum": [
        15.5635972,
        32.5349123
    ],
    "Mosul": [
        36.3415843,
        43.1291386
    ],
    "Fallujah": [
        33.3532137,
        43.7875674
    ],
    "Kandahar": [
        31.6205738,
        65.7157573
    ],
    "Marrakesh": [
        31.6258257,
        -7.9891608
    ],
    "Jerusalem": [
        31.79592425,
        35.21198075969497
    ]
}